name,version,batch,status,tasks_finished,dur_mins,started,progressed,referrer,survey_code
known-spider,2,a,finished,7,101,2021-04-30 11:20:07.000,2021-04-30 13:04:17.144,,90283
just-kodiak,2,a,finished,7,124,2021-04-30 12:53:35.000,2021-04-30 15:30:38.250,,90544
square-wren,2,a,finished,7,124,2021-04-30 15:11:11.000,2021-04-30 17:16:25.676,,83245
robust-bobcat,2,a,finished,7,124,2021-04-30 16:53:51.000,2021-04-30 19:18:16.830,,83386
rare-lab,2,a,finished,7,127,2021-04-30 18:29:04.000,2021-04-30 22:42:00.165,,82909
select-worm,2,a,finished,7,125,2021-05-01 01:30:33.000,2021-05-01 20:06:42.375,,84331
key-ape,2,a,finished,7,124,2021-05-01 14:38:25.000,2021-05-01 16:47:50.453,,84346
actual-mutt,2,a,finished,7,125,2021-05-01 20:19:30.000,2021-05-01 23:35:33.869,,90295
united-viper,2,a,finished,7,126,2021-05-02 12:52:16.000,2021-05-02 15:25:02.561,,90250
first-man,2,a,finished,7,95,2021-05-03 11:55:40.000,2021-05-03 15:53:01.153,,90478
clean-stork,2,a,finished,7,124,2021-05-03 13:15:47.000,2021-05-03 17:02:20.501,,85948
hot-boa,2,a,finished,7,124,2021-05-03 16:58:24.000,2021-05-03 20:00:50.339,,83305
nearby-hen,2,a,finished,7,109,2021-05-03 22:43:38.000,2021-05-04 11:16:03.147,,91192
next-oriole,2,a,finished,7,125,2021-05-04 12:06:41.000,2021-05-04 14:30:05.278,,90766
frank-iguana,2,a,finished,7,77,2021-05-05 11:17:39.000,2021-05-05 13:05:53.386,,91216
right-cow,2,a,finished,7,124,2021-05-05 15:52:46.000,2021-05-05 18:15:35.251,,86221
sought-teal,2,a,finished,7,124,2021-05-05 16:52:37.000,2021-05-05 19:11:30.268,,86113
expert-yak,2,a,finished,7,123,2021-05-06 00:39:11.000,2021-05-06 02:59:45.931,,84103
humane-caiman,2,a,finished,7,120,2021-05-06 09:57:21.000,2021-05-06 12:12:09.327,,85144
famous-mammal,2,a,finished,7,122,2021-05-06 11:10:35.000,2021-05-06 13:31:56.872,,83389
fluent-grouse,2,a,finished,7,64,2021-05-06 11:38:16.000,2021-05-06 13:11:25.596,,85195
saved-falcon,2,a,finished,7,98,2021-05-06 16:44:36.000,2021-05-06 18:33:22.051,,90745
large-pup,2,a,finished,7,97,2021-05-06 17:39:30.000,2021-05-06 20:11:32.457,,90628
game-wasp,2,a,finished,7,123,2021-05-06 18:47:56.000,2021-05-06 20:53:30.726,,90271
full-bee,2,a,finished,7,120,2021-05-06 20:32:36.000,2021-05-07 00:22:44.011,,83044
still-lark,2,a,finished,7,125,2021-05-07 09:40:43.000,2021-05-07 21:00:35.185,,83446
square-baboon,2,a,finished,7,112,2021-05-07 10:50:06.000,2021-05-07 12:59:13.077,,83500
mint-rhino,2,a,finished,7,117,2021-05-07 11:27:20.000,2021-05-07 13:44:49.547,,90259
fleet-osprey,2,a,finished,7,124,2021-05-07 12:17:11.000,2021-05-07 14:28:53.953,,84151
square-orca,2,a,timedout,3,3,2021-04-30 10:22:44.000,2021-04-30 10:25:13.542,,90283
proper-glider,2,a,timedout,3,3,2021-04-30 11:00:56.000,2021-04-30 11:01:45.731,,90196
poetic-leech,2,a,timedout,3,3,2021-04-30 11:56:01.000,2021-04-30 12:00:41.769,,90544
hot-yeti,2,a,timedout,0,0,2021-05-01 01:29:34.000,2021-05-01 01:29:34.627,,84331
fair-eft,2,a,timedout,6,96,2021-05-02 16:30:28.000,2021-05-02 19:43:41.131,,83221
boss-hornet,2,a,timedout,0,0,2021-05-02 20:35:41.000,2021-05-02 20:35:41.757,,90478
worthy-drum,2,a,timedout,3,3,2021-05-02 21:48:52.000,2021-05-02 21:50:09.128,,90292
sure-panda,2,a,timedout,2,2,2021-05-02 23:01:06.000,2021-05-02 23:02:14.185,,85948
frank-kite,2,a,timedout,4,44,2021-05-05 00:51:03.000,2021-05-05 02:01:46.707,,84418
fluent-troll,2,a,timedout,4,38,2021-05-06 01:49:09.000,2021-05-06 16:16:19.970,,90445
funny-toad,2,a,timedout,3,3,2021-05-06 07:57:26.000,2021-05-06 07:59:25.121,,85195
sunny-tomcat,2,a,timedout,3,3,2021-05-06 12:06:56.000,2021-05-06 12:07:33.679,,84418
crack-clam,2,a,timedout,6,82,2021-05-06 12:40:55.000,2021-05-07 12:40:57.601,,90556
fancy-marten,2,a,timedout,3,3,2021-05-06 16:18:01.000,2021-05-06 16:18:55.940,,90745
enough-snake,2,a,timedout,3,3,2021-05-06 16:29:36.000,2021-05-06 16:29:53.865,,90745
smooth-thrush,2,a,timedout,5,70,2021-05-06 19:50:08.000,2021-05-07 19:53:08.474,,90604
saved-bengal,2,a,timedout,3,3,2021-05-06 21:09:47.000,2021-05-06 21:10:13.238,,83473
rich-dodo,2,a,timedout,3,3,2021-05-06 21:12:53.000,2021-05-06 21:13:32.904,,83473
humble-jackal,2,a,timedout,5,53,2021-05-06 21:13:45.000,2021-05-06 22:09:38.170,,83473
epic-cicada,2,a,timedout,4,34,2021-05-07 02:50:22.000,2021-05-07 03:26:45.125,,90565
ample-bream,2,b,finished,7,81,2021-05-06 21:15:16.000,2021-05-06 22:48:23.068,None,
saving-sponge,2,b,timedout,5,58,2021-04-30 09:19:22.000,2021-04-30 12:19:11.552,https://www.canva.com/,
vast-wren,2,b,timedout,3,3,2021-04-30 10:18:03.000,2021-04-30 10:18:31.430,None,
valid-grouse,2,b,timedout,5,64,2021-04-30 13:20:46.000,2021-04-30 14:29:36.377,None,
golden-stud,2,b,timedout,0,0,2021-04-30 14:03:25.000,2021-04-30 14:03:25.236,https://www.reddit.com/,
mighty-possum,2,b,timedout,2,2,2021-04-30 14:21:54.000,2021-04-30 14:22:42.979,https://www.reddit.com/,
good-cobra,2,b,timedout,0,0,2021-04-30 14:22:19.000,2021-04-30 14:22:19.028,None,
major-viper,2,b,timedout,0,0,2021-04-30 14:36:31.000,2021-04-30 14:36:31.662,https://www.reddit.com/,
keen-akita,2,b,timedout,0,0,2021-04-30 14:49:59.000,2021-04-30 14:49:59.106,https://www.reddit.com/,
better-krill,2,b,timedout,2,2,2021-04-30 15:09:22.000,2021-04-30 15:10:06.588,https://www.reddit.com/,
holy-kite,2,b,timedout,0,0,2021-04-30 15:41:08.000,2021-04-30 15:41:08.897,None,
exotic-bunny,2,b,timedout,3,3,2021-04-30 16:56:58.000,2021-04-30 16:59:07.484,https://www.reddit.com/,
bright-maggot,2,b,timedout,3,3,2021-04-30 21:31:23.000,2021-04-30 21:33:42.193,None,
mighty-mite,2,b,timedout,3,3,2021-05-01 05:32:44.000,2021-05-01 05:35:00.584,https://www.reddit.com/,
close-condor,2,b,timedout,0,0,2021-05-01 05:44:11.000,2021-05-01 05:44:11.973,None,
next-fly,2,b,timedout,3,3,2021-05-01 09:50:59.000,2021-05-01 09:52:05.191,https://old.reddit.com/r/brum/comments/n1vaog/please_participate_in_my_study/,
many-fox,2,b,timedout,0,0,2021-05-01 14:13:27.000,2021-05-01 14:13:26.997,https://www.reddit.com/,
apt-coral,2,b,timedout,5,64,2021-05-02 11:46:38.000,2021-05-02 12:53:20.372,None,
fancy-collie,2,b,timedout,0,0,2021-05-03 18:07:42.000,2021-05-03 18:07:42.269,https://www.reddit.com/,
main-pika,2,b,timedout,0,0,2021-05-06 16:46:35.000,2021-05-06 16:46:35.868,None,
many-dingo,2,b,timedout,3,3,2021-05-06 17:43:34.000,2021-05-06 17:43:59.883,None,
good-tick,2,b,timedout,6,94,2021-05-06 17:45:04.000,2021-05-06 22:44:37.180,None,
nice-goblin,2,b,timedout,0,0,2021-05-07 12:38:07.000,2021-05-07 12:38:07.144,None,
fair-quagga,2,b,timedout,3,3,2021-05-07 20:07:01.000,2021-05-07 20:07:19.149,None,
aware-worm,2,b,timedout,3,3,2021-05-07 20:17:48.000,2021-05-07 20:18:02.426,None,
pro-possum,2,c,finished,7,125,2021-05-07 17:06:48.000,2021-05-07 20:49:17.036,,84433
